1,0 
2,418594 
3,434679 
3,892315 
2,1102124 
3,1285836 
4,1492879 
3,1744377 
4,1798458 
4,1939527 
5,1998606 
6,2088928 
7,2093240 
7,2228972 
6,2406668 
7,2469976 
8,2479401 
9,2483477 
9,2551990 
10,2560547 
11,2575749 
11,2632547 
12,2660073 
11,2796928 
12,2804406 
13,2823781 
13,2855855 
14,2889113 
15,2898974 
16,2926665 
17,2944214 
18,2968762 
19,2970047 
18,3018324 
19,3024636 
20,3029407 
18,3118157 
16,3193059 
17,3227167 
17,3246654 
17,3326240 
18,3353955 
19,3354420 
20,3373097 
19,3413766 
20,3416811 
21,3422836 
20,3472915 
17,3567129 
17,3568249 
16,3592454 
16,3630144 
16,3649440 
17,3666506 
18,3687743 
18,3729110 
19,3758526 
20,3758684 
21,3793997 
21,3813396 
22,3819558 
21,3897387 
22,3904119 
19,4010054 
19,4020298 
18,4034269 
19,4049523 
19,4078265 
20,4089642 
21,4090331 
22,4116176 
23,4121820 
24,4138760 
24,4187410 
24,4199340 
25,4215599 
23,4276592 
23,4325089 
24,4325812 
24,4360947 
23,4394791 
23,4399746 
22,4459966 
23,4460074 
22,4522859 
23,4525058 
23,4546290 
24,4565262 
25,4566325 
26,4571379 
27,4584920 
28,4596422 
27,4631776 
28,4632983 
28,4643177 
28,4659410 
29,4660424 
30,4663816 
31,4675356 
32,4681517 
30,4703973 
30,4722703 
29,4773296 
30,4773630 
31,4780094 
32,4780402 
33,4784553 
34,4788647 
33,4816474 
33,4833004 
34,4874893 
34,4891572 
35,4892399 
35,4930409 
35,4932899 
36,4949908 
35,5000461 
35,5014356 
36,5063332 
35,5068713 
36,5073713 
37,5084319 
38,5120099 
38,5128240 
38,5162961 
39,5164369 
38,5172692 
38,5177628 
39,5184578 
39,5192334 
39,5233216 
37,5256737 
32,5318229 
32,5331525 
33,5347731 
34,5369814 
35,5371603 
36,5377395 
35,5381971 
36,5382830 
33,5402759 
34,5405436 
35,5410046 
34,5447602 
35,5470518 
36,5471121 
37,5473497 
38,5474340 
39,5477422 
39,5485911 
40,5496064 
39,5506270 
40,5524058 
41,5533105 
41,5537078 
40,5566350 
41,5567596 
42,5573615 
43,5586005 
44,5597251 
44,5607411 
45,5608146 
46,5608872 
47,5613336 
46,5628470 
47,5630586 
48,5639710 
49,5651061 
46,5703075 
47,5723045 
46,5734003 
47,5736505 
48,5751312 
49,5758377 
50,5759418 
48,5780084 
46,5793107 
46,5801034 
47,5809622 
48,5810273 
49,5824858 
50,5836193 
50,5840597 
51,5854037 
52,5859070 
53,5859619 
53,5881601 
54,5883104 
55,5904355 
56,5904384 
57,5915105 
58,5916562 
58,5929284 
58,5938236 
59,5942016 
60,5944215 
60,5958446 
61,5967511 
60,5977250 
58,6005736 
56,6020653 
56,6056249 
57,6059036 
58,6061830 
59,6067569 
60,6070585 
61,6074128 
60,6077088 
58,6082254 
59,6087495 
59,6091898 
60,6092433 
61,6095744 
57,6145095 
58,6157867 
57,6176914 
54,6202109 
55,6202753 
53,6217072 
53,6231806 
53,6238282 
52,6262525 
53,6268299 
54,6269271 
55,6275519 
56,6277633 
57,6284331 
58,6285899 
59,6301436 
60,6305480 
60,6320542 
60,6332229 
60,6339269 
60,6350074 
60,6357275 
61,6357422 
60,6373961 
61,6379291 
62,6380001 
63,6381459 
63,6388450 
64,6391267 
65,6391308 
66,6392807 
67,6393758 
68,6397779 
68,6405983 
69,6414170 
68,6417755 
69,6418082 
70,6421737 
68,6453533 
68,6459459 
69,6461719 
70,6462361 
71,6462922 
70,6466180 
71,6473783 
72,6479410 
73,6483230 
74,6483527 
75,6484072 
74,6498697 
72,6511430 
73,6514674 
73,6516505 
72,6525136 
69,6561308 
69,6570946 
69,6571511 
69,6572884 
70,6574497 
70,6583362 
71,6592605 
72,6597106 
73,6601806 
73,6620231 
74,6621458 
75,6624738 
75,6636450 
76,6640403 
72,6677499 
72,6680607 
70,6695325 
68,6717300 
68,6720823 
69,6726225 
70,6727320 
71,6744726 
72,6747446 
72,6752376 
73,6761507 
73,6768765 
74,6772566 
75,6772835 
76,6773380 
77,6777651 
77,6785883 
77,6794032 
78,6796820 
78,6797979 
78,6808895 
79,6810291 
80,6818391 
80,6824851 
81,6831491 
81,6840902 
81,6846063 
82,6849555 
83,6851379 
84,6856005 
85,6860812 
86,6863875 
86,6869276 
85,6874326 
86,6874614 
87,6878080 
88,6879925 
88,6881999 
88,6882912 
87,6897300 
88,6901949 
89,6904354 
90,6904587 
91,6905942 
90,6910582 
91,6913232 
92,6919320 
92,6932933 
93,6935385 
93,6942831 
93,6945032 
94,6950349 
92,6967930 
93,6970020 
94,6974302 
94,6982288 
92,6986679 
93,6987689 
94,6992544 
90,6999580 
90,7007062 
86,7031008 
87,7038141 
88,7047174 
84,7069263 
84,7075010 
85,7077956 
84,7082489 
84,7087158 
81,7106991 
82,7111849 
82,7113435 
82,7113700 
82,7123431 
83,7128453 
83,7130162 
84,7130409 
85,7149767 
86,7155009 
87,7155178 
88,7156248 
89,7157110 
90,7162329 
90,7173760 
90,7176756 
89,7182067 
89,7188248 
90,7191828 
90,7193303 
91,7196916 
91,7198261 
92,7201159 
92,7202738 
92,7209374 
93,7213787 
94,7215272 
95,7219406 
94,7226592 
95,7228180 
95,7230763 
96,7231396 
97,7236501 
98,7236905 
99,7240633 
98,7248459 
99,7250868 
100,7252596 
101,7256372 
102,7257163 
103,7263589 
104,7273491 
105,7273930 
106,7273983 
106,7275321 
107,7277887 
107,7285103 
107,7285456 
107,7302342 
108,7302372 
109,7302938 
110,7304555 
111,7307386 
112,7312597 
113,7315256 
114,7316613 
115,7316818 
116,7319071 
116,7326875 
117,7329568 
116,7332669 
117,7334891 
118,7336814 
119,7343125 
119,7350866 
117,7370195 
114,7380326 
115,7381163 
115,7385083 
115,7396770 
116,7397596 
116,7408120 
117,7412381 
116,7415274 
117,7418722 
118,7420261 
118,7423640 
119,7426786 
120,7427265 
121,7429470 
121,7429985 
121,7436563 
122,7437333 
123,7441358 
124,7443893 
124,7445920 
124,7451375 
122,7462842 
121,7469603 
122,7469984 
118,7484779 
117,7488937 
118,7494624 
118,7503733 
118,7506942 
114,7519546 
114,7526103 
115,7527516 
116,7527607 
117,7535266 
117,7538068 
115,7549928 
116,7554918 
116,7565289 
117,7566337 
118,7567071 
119,7567228 
117,7581698 
118,7582386 
119,7583969 
119,7589025 
118,7593676 
119,7596843 
119,7597642 
120,7600257 
121,7600535 
119,7618116 
120,7620796 
121,7620831 
122,7625296 
123,7628632 
124,7630628 
125,7633856 
126,7635105 
126,7640866 
126,7650223 
126,7653585 
126,7653733 
127,7655459 
127,7657272 
128,7658099 
129,7659889 
130,7670389 
131,7670459 
129,7684859 
130,7688098 
131,7690094 
132,7691073 
132,7695153 
133,7698913 
134,7699708 
135,7700983 
136,7701365 
137,7708531 
138,7710925 
138,7716087 
138,7718758 
139,7719256 
140,7719855 
141,7721660 
142,7723641 
143,7725678 
144,7727790 
145,7727888 
145,7730472 
143,7736802 
144,7746873 
145,7748491 
145,7751689 
146,7751700 
146,7755316 
146,7756886 
143,7762777 
142,7768636 
143,7770879 
144,7770989 
145,7777694 
144,7785663 
138,7812618 
136,7821180 
137,7821460 
137,7830073 
138,7830794 
136,7835603 
136,7839500 
135,7844407 
135,7846665 
136,7848788 
137,7852368 
137,7853335 
137,7856188 
137,7858361 
138,7859082 
139,7860643 
138,7864842 
139,7866519 
140,7866703 
141,7867253 
141,7870467 
142,7872582 
143,7874852 
140,7884073 
139,7891175 
140,7891224 
141,7893643 
142,7898928 
143,7905717 
140,7910139 
140,7912966 
136,7924415 
137,7928601 
138,7929687 
139,7931423 
139,7933249 
140,7933653 
140,7934688 
141,7934742 
142,7934757 
143,7936179 
141,7943312 
142,7943710 
142,7950317 
143,7953930 
143,7965689 
144,7969479 
145,7970515 
145,7974673 
145,7977042 
144,7986241 
145,7987607 
145,7990346 
144,8003942 
145,8006369 
145,8013954 
146,8014452 
146,8017620 
147,8017873 
148,8018673 
146,8026073 
147,8026547 
148,8027983 
146,8032674 
147,8033720 
147,8034498 
147,8036948 
147,8039602 
146,8042750 
144,8051096 
145,8052522 
145,8056883 
146,8060613 
147,8062436 
148,8062800 
149,8064948 
150,8066057 
151,8066224 
151,8070968 
152,8071010 
153,8071682 
154,8072031 
155,8073066 
154,8076885 
155,8081303 
155,8091715 
155,8096004 
155,8101915 
155,8109002 
156,8109505 
156,8111983 
157,8114423 
158,8115032 
159,8116085 
160,8120439 
160,8128302 
158,8132530 
159,8132935 
160,8134818 
161,8135569 
162,8139047 
161,8146066 
162,8146314 
163,8146608 
164,8146952 
164,8148162 
165,8150540 
166,8150937 
166,8159573 
166,8162221 
167,8162599 
168,8162847 
169,8162857 
170,8163313 
171,8167013 
172,8168519 
171,8171201 
170,8175826 
171,8179513 
172,8183232 
169,8194875 
170,8196938 
171,8197170 
172,8197946 
172,8199516 
171,8203282 
171,8204827 
170,8208635 
171,8215047 
172,8218887 
173,8221451 
174,8221539 
173,8226993 
174,8228193 
175,8228479 
176,8229001 
177,8229212 
173,8244791 
173,8245688 
174,8248939 
175,8249994 
176,8253292 
175,8259713 
176,8259729 
174,8264830 
175,8266273 
176,8270124 
176,8275197 
176,8278653 
177,8279855 
178,8283344 
179,8284301 
179,8289867 
180,8291452 
172,8308638 
171,8317537 
170,8321350 
171,8321906 
168,8328350 
168,8329292 
169,8329939 
169,8331966 
168,8333339 
169,8334280 
169,8337264 
170,8337813 
171,8338244 
172,8339327 
173,8341004 
174,8341419 
174,8342209 
175,8346561 
176,8348289 
177,8349280 
174,8362470 
175,8362847 
176,8363102 
177,8366620 
178,8366720 
178,8368250 
179,8368828 
180,8370471 
181,8373352 
180,8376289 
181,8376947 
182,8378246 
183,8380774 
184,8382020 
184,8384528 
185,8384609 
186,8386266 
187,8389623 
187,8395604 
188,8395792 
189,8399563 
190,8401434 
191,8404269 
192,8406648 
193,8408019 
194,8410715 
195,8415387 
195,8417744 
196,8420480 
197,8421159 
198,8421617 
199,8421692 
200,8422953 
201,8424379 
200,8427036 
201,8427566 
202,8428336 
203,8432957 
202,8436376 
203,8437822 
201,8450595 
201,8452348 
200,8457977 
200,8458586 
201,8458783 
200,8463671 
196,8471940 
196,8473222 
196,8475787 
197,8476773 
196,8483484 
197,8487903 
198,8488441 
199,8488620 
199,8493971 
198,8497129 
199,8497371 
198,8507699 
199,8509461 
200,8510464 
198,8526594 
198,8532985 
195,8538185 
195,8539438 
192,8544780 
193,8546429 
194,8546832 
192,8555297 
192,8556531 
193,8557122 
193,8565783 
194,8565858 
195,8569351 
195,8571069 
196,8572512 
197,8573309 
197,8574350 
198,8574904 
199,8575056 
199,8576626 
199,8580811 
200,8581331 
201,8581529 
202,8581549 
202,8585888 
203,8586079 
204,8586080 
205,8588216 
206,8589916 
207,8590743 
206,8594741 
206,8595827 
207,8598412 
208,8599850 
209,8600411 
210,8607122 
211,8607127 
212,8607262 
213,8608300 
214,8608439 
213,8613581 
214,8615875 
215,8615878 
216,8616466 
217,8616912 
218,8616946 
216,8620527 
217,8621867 
218,8622282 
219,8622385 
218,8622920 
218,8625966 
219,8627695 
220,8627842 
221,8630536 
220,8632674 
216,8644021 
217,8645642 
218,8646456 
218,8650619 
217,8658318 
217,8662669 
218,8662760 
219,8663439 
220,8664478 
218,8669033 
219,8669746 
219,8670815 
219,8670981 
218,8672669 
216,8676527 
215,8678110 
215,8682268 
216,8684650 
216,8691007 
217,8691191 
218,8694202 
217,8699924 
217,8702248 
218,8702865 
219,8704081 
220,8705696 
221,8706066 
221,8710946 
222,8711529 
221,8714839 
221,8717841 
221,8719761 
222,8719799 
221,8720250 
222,8720413 
222,8721431 
223,8722895 
224,8723686 
224,8728777 
222,8737911 
221,8741104 
221,8743866 
221,8744542 
222,8745726 
223,8747628 
220,8752125 
221,8753678 
220,8758668 
220,8764901 
221,8765136 
222,8766082 
223,8766636 
220,8767696 
220,8769362 
221,8769737 
219,8777250 
220,8778796 
220,8783727 
219,8788564 
220,8789407 
221,8789889 
222,8791966 
223,8794448 
224,8795488 
225,8795723 
226,8797472 
227,8797770 
223,8804531 
224,8804935 
225,8807474 
225,8809286 
226,8810268 
227,8810760 
227,8818746 
228,8818828 
227,8821246 
228,8821551 
228,8824202 
227,8828633 
223,8834520 
224,8842720 
225,8843786 
226,8844828 
227,8845175 
227,8850308 
227,8850530 
228,8853226 
227,8855044 
228,8856483 
229,8857484 
229,8858440 
230,8861239 
229,8866802 
229,8870700 
230,8870750 
230,8871494 
231,8872670 
232,8873840 
232,8877679 
232,8878210 
232,8882047 
232,8883808 
233,8884163 
234,8884259 
234,8887033 
233,8889694 
234,8890696 
235,8893805 
235,8894764 
236,8896013 
236,8899648 
237,8900933 
238,8902846 
239,8904714 
240,8905058 
241,8908861 
242,8911221 
242,8912815 
243,8913330 
244,8914882 
245,8915511 
246,8918970 
245,8927836 
246,8928408 
243,8937533 
243,8938532 
243,8939220 
244,8941886 
239,8946887 
238,8948777 
238,8951839 
239,8951906 
239,8953149 
240,8954065 
240,8954273 
241,8955889 
242,8959571 
243,8962442 
244,8963623 
245,8964493 
245,8967337 
244,8971088 
240,8974037 
240,8977233 
241,8977922 
241,8979743 
242,8980483 
240,8985366 
240,8985839 
241,8986687 
241,8989287 
239,8991611 
240,8991992 
241,8993839 
241,8996432 
242,8997627 
243,8998923 
244,8999979 
243,9001068 
244,9002385 
245,9003975 
244,9007018 
245,9007342 
245,9009377 
246,9010882 
244,9016309 
245,9016632 
246,9017186 
245,9021635 
245,9023481 
246,9024647 
245,9026405 
243,9027230 
244,9027342 
244,9028359 
244,9029218 
244,9029481 
245,9030986 
245,9032345 
245,9032565 
245,9033692 
246,9034753 
247,9035591 
245,9042718 
246,9043106 
247,9046941 
248,9051394 
249,9052816 
250,9053782 
251,9055237 
251,9056649 
252,9056848 
252,9062301 
252,9063038 
252,9063494 
252,9064041 
253,9064206 
254,9065718 
255,9065921 
256,9066490 
256,9069430 
257,9069934 
258,9070994 
259,9073146 
260,9073868 
259,9078428 
260,9080107 
258,9089591 
259,9089911 
260,9091369 
258,9093929 
259,9095658 
260,9097353 
260,9098970 
261,9100705 
261,9101972 
261,9104121 
262,9104578 
263,9108130 
264,9109715 
262,9115981 
263,9119775 
264,9122638 
265,9128046 
266,9130349 
266,9131988 
267,9132178 
268,9134968 
269,9136963 
268,9144040 
268,9146033 
269,9147846 
267,9152736 
268,9153156 
269,9153164 
270,9154520 
271,9155219 
272,9157422 
273,9159162 
272,9162364 
273,9162783 
274,9163413 
275,9170378 
273,9171861 
274,9173343 
275,9174130 
274,9176209 
275,9176377 
275,9178078 
272,9180426 
272,9181821 
273,9181873 
274,9182772 
275,9186098 
273,9186352 
274,9188019 
272,9192534 
270,9195810 
271,9196968 
272,9197159 
273,9197198 
274,9197759 
273,9201621 
274,9202825 
275,9203140 
275,9203989 
274,9207396 
275,9208470 
276,9208475 
277,9209416 
278,9210640 
274,9214047 
274,9219423 
270,9223385 
271,9224602 
265,9232821 
266,9234464 
267,9234957 
266,9238908 
267,9238938 
268,9240500 
269,9242063 
270,9243715 
271,9244050 
269,9253701 
270,9254759 
270,9259561 
271,9259852 
272,9259991 
273,9260438 
274,9261355 
275,9262162 
276,9262345 
276,9263244 
277,9266729 
276,9268042 
275,9271541 
276,9273664 
275,9274681 
276,9274925 
275,9277498 
276,9278679 
277,9279551 
278,9281172 
277,9284146 
278,9286600 
278,9287526 
279,9287753 
279,9291917 
278,9296159 
279,9296836 
280,9297343 
281,9297606 
282,9298753 
282,9299263 
283,9302179 
284,9302365 
285,9305274 
286,9306601 
285,9308006 
285,9309183 
284,9311838 
285,9313958 
286,9314782 
287,9314909 
288,9315521 
287,9316359 
288,9317883 
289,9319291 
289,9321812 
289,9323061 
287,9325565 
288,9325977 
288,9327470 
287,9329035 
288,9329234 
289,9330323 
290,9332174 
290,9335930 
291,9338729 
292,9341179 
293,9342111 
293,9344192 
294,9345579 
294,9346116 
295,9346666 
295,9348749 
296,9349685 
295,9350803 
296,9350992 
297,9352340 
297,9355585 
298,9355826 
298,9357881 
298,9359127 
299,9360695 
300,9361070 
301,9363270 
301,9363694 
302,9365619 
303,9367073 
304,9368270 
305,9368838 
306,9369651 
304,9371374 
304,9371588 
304,9372592 
305,9373775 
304,9375433 
305,9377022 
306,9379885 
306,9382469 
307,9382503 
307,9383749 
308,9384524 
308,9389292 
309,9390052 
310,9392890 
310,9393023 
308,9395832 
309,9396534 
304,9402661 
305,9403559 
305,9405234 
306,9405653 
305,9410666 
306,9411259 
306,9412356 
307,9413552 
304,9416444 
305,9417125 
306,9417191 
307,9417584 
308,9417874 
309,9418007 
310,9420346 
309,9425560 
310,9425668 
311,9425837 
309,9437888 
310,9438125 
311,9438572 
311,9444053 
312,9446909 
312,9448333 
313,9448395 
310,9455288 
310,9455607 
311,9456022 
312,9456969 
312,9458132 
313,9458516 
314,9458972 
314,9460075 
314,9460215 
315,9460242 
314,9463212 
314,9464358 
314,9466275 
315,9468921 
316,9469327 
317,9470741 
317,9473603 
318,9473612 
316,9477410 
315,9481083 
315,9483729 
316,9483901 
316,9486050 
316,9488435 
316,9488819 
315,9489096 
314,9494757 
314,9497066 
314,9499071 
313,9500256 
313,9501469 
314,9502722 
315,9503069 
316,9503155 
317,9503707 
317,9505188 
318,9505389 
318,9506917 
318,9507867 
319,9508483 
320,9508725 
319,9510157 
320,9511564 
321,9512497 
322,9512731 
322,9515354 
323,9515964 
323,9517444 
324,9517832 
324,9518877 
323,9521284 
323,9523100 
323,9525008 
324,9525164 
325,9525384 
326,9526018 
327,9526272 
328,9526456 
328,9528955 
327,9533350 
328,9534085 
329,9534595 
330,9534704 
331,9538414 
332,9540024 
333,9541108 
334,9541666 
335,9542211 
333,9544536 
334,9545530 
334,9546745 
335,9549509 
336,9550796 
336,9554747 
337,9554773 
338,9556411 
334,9559193 
335,9559709 
334,9565301 
335,9565850 
333,9569500 
334,9569813 
335,9570056 
335,9573362 
336,9573534 
336,9578001 
337,9579004 
338,9579021 
339,9579239 
340,9579891 
341,9580713 
342,9581264 
342,9581834 
342,9582193 
340,9586388 
340,9587390 
341,9588484 
339,9592649 
340,9593443 
337,9599907 
338,9600184 
339,9600532 
340,9600644 
340,9601920 
339,9604191 
339,9605380 
340,9605399 
337,9612006 
337,9612385 
338,9612531 
339,9613472 
339,9614606 
339,9617920 
340,9618493 
341,9621100 
340,9621793 
340,9623844 
341,9624198 
342,9625841 
343,9626931 
342,9630691 
342,9630748 
343,9630896 
343,9632126 
341,9634890 
342,9635460 
340,9638180 
340,9638522 
341,9638549 
340,9641688 
341,9642223 
342,9643952 
343,9644014 
344,9646549 
345,9646868 
344,9648660 
345,9651518 
345,9651839 
345,9652060 
346,9652242 
345,9656996 
344,9659206 
345,9659636 
343,9666612 
342,9668136 
342,9668732 
343,9668786 
341,9670667 
338,9674359 
338,9675416 
338,9676454 
339,9677614 
340,9677939 
340,9678075 
338,9684968 
339,9688182 
339,9693954 
340,9694196 
339,9695693 
340,9695857 
340,9696978 
341,9698059 
341,9699814 
341,9701852 
340,9704181 
336,9710988 
336,9714365 
337,9714443 
337,9715713 
338,9716132 
339,9716523 
340,9719639 
340,9720074 
340,9721450 
341,9722939 
341,9725969 
339,9736145 
338,9737299 
339,9737987 
337,9743228 
338,9745341 
339,9745425 
340,9745621 
340,9750713 
340,9751777 
337,9759115 
337,9759671 
336,9760109 
337,9760793 
338,9760802 
339,9760856 
340,9761442 
340,9763386 
338,9767849 
339,9767972 
340,9768178 
340,9769596 
341,9769741 
342,9770708 
343,9770770 
344,9771768 
345,9771889 
346,9772542 
347,9773978 
348,9774059 
349,9774234 
349,9775560 
350,9777510 
350,9778714 
350,9780064 
351,9780648 
349,9781248 
350,9781519 
350,9783598 
347,9788798 
348,9790280 
349,9790331 
348,9791899 
348,9793689 
349,9794001 
350,9796925 
351,9797051 
351,9798964 
352,9799827 
349,9802479 
349,9803335 
350,9803463 
350,9807272 
350,9807652 
351,9807778 
350,9812189 
346,9817709 
347,9817835 
347,9819142 
347,9819518 
347,9819665 
348,9819787 
349,9822500 
350,9822862 
351,9823038 
351,9825706 
352,9826586 
353,9827993 
352,9830232 
353,9830839 
354,9835453 
355,9836789 
355,9837685 
354,9839880 
355,9839931 
356,9839935 
357,9842190 
356,9843859 
353,9849305 
354,9852561 
355,9853843 
356,9857173 
357,9857737 
356,9859596 
357,9859614 
357,9860663 
358,9862939 
359,9863059 
360,9863638 
358,9865193 
358,9865320 
359,9866004 
356,9870699 
355,9875951 
354,9876553 
355,9876918 
355,9878795 
356,9879441 
356,9879512 
356,9881199 
357,9881467 
358,9881683 
358,9882356 
359,9882785 
360,9883394 
358,9886925 
359,9887103 
359,9889371 
360,9890619 
360,9892138 
360,9892339 
359,9898383 
360,9898660 
361,9899177 
356,9904772 
355,9907313 
356,9908668 
357,9909223 
358,9909359 
358,9911246 
358,9912391 
357,9915215 
358,9915894 
359,9915996 
359,9916898 
359,9918981 
360,9919545 
359,9920180 
357,9922514 
357,9923887 
357,9925687 
355,9928120 
356,9929275 
356,9930436 
354,9933796 
353,9934206 
354,9934394 
355,9934546 
355,9935839 
355,9937236 
355,9941619 
356,9942614 
356,9943733 
357,9944041 
357,9944721 
357,9946284 
357,9947405 
358,9948299 
358,9950182 
358,9950505 
357,9952939 
357,9954061 
356,9956707 
356,9958062 
357,9958358 
358,9960171 
358,9960423 
358,9962228 
357,9964997 
358,9965383 
356,9968119 
357,9968163 
357,9970167 
357,9970623 
358,9970990 
358,9971341 
358,9971928 
359,9972536 
359,9973075 
353,9981496 
353,9982277 
354,9982828 
354,9986044 
353,9987913 
353,9988560 
354,9988706 
354,9992644 
355,9993727 
356,9993769 
355,9996424 
356,9996767 
356,10000589 
356,10000664 
357,10000731 
357,10002939 
358,10003966 
359,10004544 
360,10005745 
359,10008458 
358,10015677 
358,10016626 
358,10017186 
359,10017379 
360,10017544 
361,10017745 
360,10018697 
361,10018939 
361,10020586 
362,10020677 
363,10021025 
359,10023813 
360,10023958 
360,10027718 
361,10027923 
362,10028818 
360,10031829 
361,10034183 
362,10034244 
363,10034601 
364,10035246 
365,10035454 
366,10039714 
367,10040813 
368,10041333 
369,10041678 
370,10042168 
371,10042184 
370,10043237 
370,10044054 
370,10049774 
370,10049909 
371,10051033 
372,10051398 
372,10052224 
373,10052268 
374,10052927 
373,10053582 
374,10054121 
375,10054453 
376,10057489 
377,10058310 
378,10058313 
370,10065899 
370,10068774 
371,10068980 
370,10072504 
371,10072779 
367,10081604 
367,10084228 
362,10093993 
363,10094749 
364,10094893 
365,10095497 
366,10098224 
367,10098989 
368,10099531 
368,10100137 
369,10101028 
370,10101114 
370,10102442 
371,10102914 
371,10103236 
370,10104235 
366,10109279 
365,10110967 
362,10113676 
362,10116175 
362,10117150 
361,10117732 
362,10118688 
363,10119741 
362,10122130 
361,10123307 
362,10123530 
362,10123573 
356,10131201 
356,10132221 
357,10134067 
358,10137029 
359,10137174 
359,10137185 
359,10138561 
359,10139085 
357,10144565 
356,10146028 
355,10148153 
356,10148422 
357,10148472 
354,10154637 
351,10162722 
350,10164913 
351,10165084 
352,10166499 
353,10167893 
354,10168391 
353,10170756 
354,10172971 
352,10175057 
353,10176215 
354,10176339 
355,10177839 
354,10179779 
355,10180816 
356,10180872 
356,10183700 
354,10184506 
355,10184625 
353,10186161 
353,10188125 
354,10188947 
354,10191430 
354,10193807 
355,10194817 
356,10196812 
356,10197814 
356,10199930 
357,10199971 
358,10201372 
359,10203781 
360,10204167 
357,10206086 
354,10211122 
350,10219452 
351,10220582 
352,10222642 
352,10222980 
352,10225570 
352,10226422 
349,10230875 
350,10231037 
350,10235023 
350,10235578 
350,10236036 
351,10236624 
351,10236954 
352,10238414 
353,10238507 
354,10239140 
353,10241371 
354,10242516 
352,10243969 
353,10244788 
354,10245405 
355,10245467 
356,10246288 
355,10248005 
356,10248728 
355,10249980 
356,10250622 
357,10251084 
356,10252022 
357,10252254 
357,10254637 
358,10255428 
356,10257208 
357,10257266 
358,10257918 
359,10258562 
360,10259819 
361,10260544 
360,10267082 
361,10269118 
362,10270456 
363,10270500 
364,10270812 
365,10271308 
365,10271856 
366,10272301 
367,10272307 
365,10273995 
366,10274320 
367,10274672 
368,10275024 
367,10276870 
368,10277797 
369,10277797 
370,10278065 
371,10278488 
366,10287873 
367,10287917 
368,10288409 
367,10293030 
368,10294278 
369,10294334 
370,10296055 
371,10296542 
371,10297225 
371,10299156 
372,10299189 
371,10301560 
370,10302809 
369,10304834 
370,10305011 
369,10310358 
370,10310976 
371,10313115 
372,10317117 
373,10318253 
372,10319524 
372,10320832 
371,10321677 
372,10322509 
373,10324308 
374,10324328 
374,10325384 
374,10327131 
375,10327462 
374,10328658 
375,10328738 
376,10328955 
376,10332619 
377,10332963 
378,10335779 
378,10336302 
379,10337208 
380,10337875 
381,10339113 
382,10339301 
383,10340145 
383,10341613 
383,10342359 
383,10343493 
384,10344089 
385,10346700 
386,10347156 
387,10348404 
388,10348850 
389,10349393 
387,10352371 
388,10353264 
389,10354065 
390,10354128 
391,10355216 
390,10357314 
391,10358405 
392,10360879 
393,10363561 
392,10364510 
390,10365816 
390,10367428 
390,10369028 
391,10369818 
392,10370848 
393,10370984 
394,10372445 
392,10373807 
391,10375071 
390,10375601 
388,10378020 
389,10378186 
390,10378671 
388,10379603 
388,10381776 
385,10385688 
384,10388982 
385,10389545 
386,10393073 
387,10393094 
385,10395158 
386,10395752 
386,10396984 
385,10399354 
385,10399525 
386,10401075 
385,10403261 
386,10403405 
385,10404975 
386,10407113 
386,10407604 
383,10412567 
383,10414569 
384,10415914 
385,10416046 
385,10417273 
386,10417539 
387,10417811 
388,10417950 
389,10418936 
390,10419194 
391,10421806 
387,10426958 
385,10429370 
386,10430292 
385,10432296 
385,10433408 
386,10434634 
386,10435351 
386,10437808 
386,10439193 
387,10439720 
388,10439904 
387,10442205 
387,10442700 
388,10444498 
386,10446076 
385,10449947 
386,10450569 
387,10450643 
388,10451050 
389,10452592 
390,10452959 
391,10453114 
392,10453379 
393,10453765 
393,10455249 
394,10455748 
395,10456149 
396,10456193 
396,10458359 
396,10458732 
397,10458799 
396,10462683 
395,10464529 
393,10469488 
391,10471247 
391,10474014 
392,10474516 
393,10475125 
393,10478341 
394,10478581 
395,10479534 
395,10481122 
396,10481137 
394,10484260 
394,10484384 
395,10485322 
391,10487819 
392,10487927 
391,10488274 
392,10489206 
393,10490524 
394,10491136 
394,10491671 
392,10492735 
393,10493056 
394,10494026 
391,10496952 
391,10498708 
392,10498894 
393,10500288 
392,10503943 
392,10504786 
393,10504896 
394,10507539 
395,10507612 
396,10509451 
396,10510690 
397,10511201 
398,10511227 
399,10511593 
399,10512379 
399,10513488 
398,10514201 
399,10515521 
399,10516228 
399,10517762 
400,10519625 
397,10522260 
398,10523378 
398,10524130 
397,10524653 
397,10525158 
398,10527589 
399,10527831 
399,10530028 
399,10533095 
400,10533383 
401,10533868 
401,10534542 
402,10534790 
402,10535936 
403,10537032 
404,10537332 
405,10537510 
406,10538287 
407,10538456 
404,10541668 
404,10543167 
405,10545926 
403,10547551 
404,10548022 
405,10548027 
404,10549279 
404,10549660 
401,10555174 
401,10555513 
402,10555864 
402,10557782 
403,10557939 
403,10559379 
404,10559894 
405,10560890 
405,10561593 
402,10566270 
402,10569180 
402,10570008 
402,10570740 
403,10570881 
404,10571398 
405,10572842 
404,10573074 
405,10574711 
405,10575102 
403,10577257 
402,10579361 
403,10580017 
404,10580020 
405,10582785 
406,10586176 
404,10589073 
404,10591666 
404,10592722 
403,10594631 
404,10595600 
405,10596511 
406,10597204 
403,10598785 
404,10599480 
405,10599647 
406,10599735 
405,10604458 
406,10604697 
404,10605693 
405,10605695 
406,10605771 
406,10607138 
404,10610199 
405,10610342 
404,10613803 
405,10616202 
406,10617615 
407,10618205 
408,10618498 
408,10620868 
408,10621821 
405,10622828 
406,10623037 
407,10623478 
405,10626488 
406,10626836 
407,10627144 
406,10629001 
407,10629941 
408,10631554 
409,10632450 
407,10634411 
407,10635668 
407,10637498 
405,10640010 
405,10640093 
405,10640388 
406,10641279 
406,10645486 
404,10646758 
401,10649461 
401,10649623 
402,10649864 
403,10650358 
402,10655996 
399,10657749 
399,10658257 
397,10660201 
395,10663909 
396,10664071 
397,10664983 
398,10668948 
399,10669979 
399,10670921 
400,10671275 
401,10673050 
402,10673496 
401,10674673 
402,10675588 
403,10675735 
402,10679208 
403,10681533 
404,10681562 
405,10681974 
405,10687374 
405,10689351 
406,10690844 
407,10691840 
408,10692776 
409,10696059 
410,10696132 
410,10697474 
411,10697569 
408,10700528 
409,10701725 
410,10702881 
410,10703404 
410,10704283 
405,10708886 
406,10709277 
405,10714705 
405,10715864 
406,10716837 
406,10719468 
407,10719613 
407,10721737 
404,10724984 
403,10728174 
403,10728259 
403,10732633 
404,10733281 
405,10733764 
406,10734236 
407,10735551 
406,10737972 
407,10738221 
407,10738996 
408,10739793 
409,10740086 
408,10743276 
407,10744611 
408,10744841 
409,10745421 
410,10746381 
411,10746737 
412,10746824 
411,10751350 
409,10755023 
410,10756457 
411,10757254 
412,10758369 
412,10760934 
413,10762320 
414,10764116 
415,10765244 
416,10765337 
417,10765751 
418,10766245 
419,10767339 
419,10768601 
419,10769504 
418,10769922 
419,10770341 
418,10771666 
417,10773814 
418,10774239 
418,10775972 
418,10777928 
419,10778147 
420,10778398 
421,10779156 
421,10780799 
422,10780997 
420,10781846 
421,10782342 
422,10782383 
422,10783192 
423,10784076 
423,10784739 
424,10785243 
423,10788310 
423,10789128 
422,10789987 
423,10790303 
423,10792190 
419,10799654 
420,10800001 
421,10801295 
421,10801394 
421,10801630 
421,10803255 
419,10806345 
420,10808003 
419,10810177 
420,10810348 
421,10810678 
421,10811263 
422,10811487 
423,10815156 
423,10816912 
424,10817763 
425,10818806 
426,10821638 
427,10821808 
428,10822332 
428,10825335 
428,10826546 
429,10826615 
427,10830824 
427,10831262 
428,10831645 
429,10831908 
430,10832327 
431,10833523 
430,10839691 
430,10840011 
427,10842708 
428,10842899 
426,10844301 
426,10846246 
427,10846325 
427,10848118 
428,10848631 
427,10848846 
428,10849265 
428,10850193 
427,10850447 
427,10851418 
428,10851874 
427,10854758 
426,10855580 
424,10857162 
425,10857809 
426,10858707 
419,10866645 
420,10868322 
421,10868758 
422,10868774 
423,10869169 
424,10870625 
425,10870892 
426,10871500 
427,10871715 
427,10872722 
428,10873652 
424,10876473 
418,10879859 
419,10880280 
416,10884056 
417,10887136 
418,10888405 
419,10888423 
420,10888452 
421,10890563 
422,10890824 
421,10893246 
422,10895625 
423,10895700 
423,10896539 
424,10896644 
422,10899343 
423,10900387 
424,10900760 
423,10902001 
424,10903377 
425,10903646 
426,10903747 
427,10903927 
426,10904977 
427,10905099 
428,10905740 
429,10905928 
429,10908134 
430,10908184 
431,10909117 
430,10911095 
431,10912311 
432,10912607 
433,10914047 
434,10914790 
434,10915423 
434,10916783 
435,10917089 
436,10917130 
436,10918095 
437,10920303 
438,10920877 
439,10921035 
440,10921740 
440,10922007 
434,10929940 
434,10931091 
435,10931392 
432,10934211 
433,10934831 
434,10934913 
435,10935102 
436,10936106 
437,10936461 
438,10936533 
437,10938108 
438,10938177 
439,10938974 
439,10941463 
440,10941498 
441,10941675 
439,10944046 
437,10946909 
437,10947679 
437,10948598 
437,10949182 
437,10951763 
438,10951866 
435,10955474 
436,10955824 
437,10956966 
438,10956993 
435,10959177 
434,10962786 
434,10963223 
435,10964237 
436,10965576 
436,10967165 
437,10967431 
436,10968467 
437,10968789 
435,10972518 
436,10972619 
431,10978903 
431,10979971 
431,10982073 
428,10985324 
428,10986682 
429,10987602 
430,10988478 
431,10989171 
429,10996445 
430,10996998 
429,10998222 
430,10999790 
428,11002139 
427,11007081 
428,11007528 
427,11008463 
428,11009005 
429,11009227 
427,11014839 
428,11017161 
428,11017556 
429,11017634 
429,11019825 
424,11022742 
424,11023196 
423,11024965 
424,11026180 
424,11027912 
425,11027990 
426,11027992 
427,11028148 
428,11028523 
429,11031628 
430,11032434 
429,11036953 
427,11039698 
428,11039960 
428,11041372 
428,11044034 
427,11045351 
426,11047947 
427,11048605 
428,11048628 
427,11052148 
428,11052442 
428,11055207 
426,11055937 
422,11059455 
423,11059903 
423,11060231 
421,11061722 
422,11062621 
423,11062778 
424,11063085 
422,11064468 
423,11064572 
423,11064880 
421,11069702 
422,11070163 
423,11070209 
423,11070700 
423,11075715 
423,11077509 
424,11078171 
425,11078501 
426,11079224 
425,11080654 
426,11082136 
427,11082860 
428,11082930 
426,11084664 
427,11085169 
426,11086008 
427,11088663 
425,11090354 
426,11091508 
425,11093122 
425,11093231 
424,11095688 
424,11096271 
424,11097965 
423,11103532 
423,11104609 
423,11107687 
424,11107829 
425,11108265 
426,11108723 
426,11108740 
426,11109563 
425,11111527 
426,11111684 
424,11114466 
421,11116829 
422,11116947 
423,11117021 
423,11117930 
423,11118395 
424,11118402 
423,11119222 
424,11120317 
423,11122495 
423,11123379 
423,11123877 
423,11124907 
423,11127549 
421,11130213 
422,11131750 
422,11131957 
422,11132618 
422,11134605 
422,11135497 
423,11136853 
424,11137172 
425,11137587 
421,11140086 
422,11140094 
423,11140417 
423,11141189 
423,11141411 
422,11142135 
420,11143942 
421,11146273 
421,11147107 
422,11147369 
422,11149887 
422,11151931 
423,11152736 
422,11153407 
423,11153581 
423,11154120 
424,11154853 
425,11156170 
425,11160236 
424,11162025 
425,11162369 
425,11162738 
425,11162796 
426,11163308 
424,11166344 
424,11166471 
425,11167233 
426,11168958 
427,11169416 
427,11170747 
427,11171279 
428,11171428 
429,11172010 
430,11173095 
430,11174658 
430,11175362 
429,11175883 
429,11177052 
429,11177795 
429,11178623 
429,11179659 
429,11180676 
429,11182354 
430,11183927 
428,11187323 
428,11188880 
428,11191086 
429,11191237 
429,11195395 
430,11196246 
431,11196319 
431,11196791 
429,11200531 
428,11203326 
426,11204679 
427,11207403 
428,11208604 
427,11210345 
425,11211533 
426,11211693 
426,11213052 
425,11215675 
426,11218089 
426,11219036 
427,11220625 
427,11221721 
427,11222899 
426,11224345 
427,11224477 
427,11225983 
427,11226644 
426,11227880 
426,11228583 
424,11231966 
425,11232580 
426,11233657 
424,11236827 
425,11236941 
425,11239099 
425,11239517 
421,11246288 
422,11246454 
423,11246963 
424,11249730 
420,11256581 
420,11257517 
421,11258029 
422,11258840 
423,11259113 
424,11259925 
425,11259932 
425,11261756 
426,11261932 
426,11263968 
427,11264437 
428,11264510 
428,11265464 
429,11266158 
430,11267375 
429,11269369 
429,11272480 
430,11272818 
431,11273600 
431,11273881 
432,11273967 
428,11279235 
428,11280043 
427,11280715 
427,11286196 
425,11287415 
425,11288627 
426,11289751 
427,11289824 
428,11290147 
429,11290314 
430,11291256 
430,11292180 
431,11292489 
432,11292834 
432,11294154 
433,11294895 
431,11298792 
432,11300808 
429,11305339 
430,11305912 
430,11306302 
430,11306784 
429,11308763 
429,11310098 
430,11310405 
430,11311498 
431,11311599 
432,11311638 
433,11311872 
434,11312689 
434,11313782 
434,11315307 
435,11316566 
436,11316694 
437,11317232 
438,11320320 
436,11323789 
435,11325971 
436,11326174 
435,11329491 
435,11332902 
434,11336766 
431,11339245 
431,11340413 
427,11346513 
427,11348707 
425,11350851 
423,11352216 
424,11353941 
425,11355084 
424,11358255 
425,11359243 
425,11360168 
426,11360570 
426,11361839 
426,11363034 
426,11363780 
427,11364523 
428,11364822 
427,11367503 
427,11368767 
427,11369333 
424,11371166 
424,11373114 
424,11373525 
425,11373765 
426,11374118 
425,11375817 
426,11377304 
426,11378989 
426,11380096 
426,11381204 
425,11383024 
425,11383403 
426,11383680 
424,11385724 
422,11387586 
423,11387702 
422,11389358 
421,11390447 
421,11393462 
422,11393839 
419,11397458 
420,11400047 
421,11402295 
422,11403223 
419,11407320 
420,11407887 
420,11408567 
421,11409273 
420,11413994 
419,11415314 
417,11416522 
418,11416819 
418,11420499 
419,11420500 
420,11420983 
421,11421565 
420,11422601 
421,11423244 
421,11423642 
422,11424247 
419,11430848 
418,11431812 
419,11432847 
416,11436448 
414,11440536 
415,11441314 
416,11441914 
417,11443291 
418,11443992 
417,11444817 
417,11445816 
418,11446126 
414,11452691 
414,11453419 
413,11454584 
410,11457232 
411,11457303 
412,11457326 
412,11457333 
413,11458839 
412,11460987 
411,11462592 
411,11463349 
411,11463598 
412,11463679 
413,11464140 
414,11464867 
415,11466388 
416,11467219 
417,11467591 
418,11469314 
418,11473104 
413,11475989 
410,11477792 
410,11478825 
411,11478991 
412,11479048 
413,11480103 
414,11480446 
414,11481615 
415,11483337 
414,11486529 
415,11488592 
415,11489271 
416,11490549 
416,11492064 
414,11493508 
415,11494169 
414,11495922 
415,11496306 
416,11496957 
416,11500241 
414,11502633 
411,11508110 
411,11508430 
409,11509464 
407,11510541 
407,11511237 
408,11512517 
406,11513816 
406,11514610 
406,11515148 
407,11515448 
407,11516195 
406,11517423 
407,11517579 
408,11517932 
409,11518717 
407,11520440 
408,11520998 
409,11521058 
410,11521164 
407,11522298 
407,11523617 
408,11524067 
408,11524118 
409,11524266 
405,11529815 
406,11530557 
407,11531130 
408,11531753 
409,11532386 
410,11532872 
411,11533536 
412,11533554 
413,11534402 
414,11534600 
412,11537461 
413,11538064 
414,11538232 
405,11544305 
403,11546559 
404,11546806 
405,11547525 
405,11549267 
406,11549564 
407,11549647 
408,11550682 
405,11554452 
406,11555284 
407,11556418 
407,11556584 
407,11558168 
408,11558442 
409,11558562 
410,11558591 
409,11561685 
408,11561824 
409,11562073 
410,11562843 
411,11563001 
412,11563665 
412,11565022 
413,11566616 
414,11567298 
415,11567373 
414,11568940 
415,11568984 
412,11572780 
413,11573326 
413,11573687 
414,11577180 
413,11578982 
414,11581567 
415,11582090 
416,11582999 
417,11583471 
417,11584029 
416,11586882 
417,11587028 
417,11591283 
417,11592095 
417,11592685 
417,11593635 
417,11599662 
416,11602065 
416,11603751 
417,11603915 
417,11604893 
418,11604930 
419,11605619 
419,11609277 
420,11609583 
419,11612698 
419,11613774 
418,11614924 
419,11616127 
420,11617806 
417,11623767 
418,11624045 
419,11624520 
419,11625563 
420,11626456 
419,11630926 
415,11632995 
415,11633792 
416,11634086 
417,11635492 
418,11635709 
417,11638590 
418,11639919 
419,11640868 
420,11641472 
420,11641864 
421,11642337 
422,11642483 
422,11644586 
423,11644743 
422,11646216 
423,11646430 
424,11647362 
424,11649337 
421,11654038 
421,11654043 
422,11654273 
423,11654560 
424,11654719 
425,11654776 
425,11656316 
426,11656686 
425,11658746 
426,11659699 
425,11662301 
426,11664121 
424,11665561 
424,11667255 
423,11667853 
423,11668199 
422,11669828 
423,11670266 
424,11670685 
425,11671073 
426,11671682 
427,11672954 
428,11673608 
429,11674600 
430,11674699 
429,11676409 
429,11676929 
429,11679711 
430,11679781 
430,11681513 
429,11683232 
429,11683348 
428,11685781 
429,11686320 
427,11687983 
428,11688316 
429,11688509 
430,11688715 
431,11689147 
432,11689234 
431,11690764 
431,11691108 
432,11692421 
433,11692640 
434,11692642 
435,11692862 
436,11693055 
437,11693207 
437,11694160 
438,11694983 
436,11698994 
437,11699623 
438,11699750 
437,11701851 
437,11703382 
438,11703433 
439,11706556 
440,11706852 
439,11709677 
440,11711229 
439,11712730 
440,11712870 
440,11713078 
439,11715428 
437,11720637 
438,11721458 
439,11721606 
434,11723953 
434,11725351 
435,11726958 
435,11727341 
435,11728791 
436,11729536 
436,11730828 
435,11734530 
436,11734768 
436,11735713 
436,11737025 
436,11739072 
432,11742886 
433,11743066 
434,11743985 
435,11744434 
431,11746952 
432,11748249 
432,11750821 
430,11752560 
430,11755797 
429,11758114 
428,11758432 
429,11758820 
428,11760188 
429,11760658 
429,11761375 
430,11761664 
431,11764851 
432,11764969 
432,11765673 
433,11766019 
429,11768451 
430,11770140 
431,11770508 
429,11772996 
428,11774393 
429,11774832 
428,11776614 
423,11781568 
423,11781663 
424,11781840 
418,11788948 
419,11788977 
420,11790161 
421,11790463 
422,11791328 
423,11791946 
422,11794450 
423,11795877 
422,11797073 
423,11798113 
424,11798225 
425,11798646 
426,11799917 
423,11803148 
424,11804343 
424,11805772 
424,11808475 
425,11808586 
425,11810025 
426,11810252 
426,11812374 
427,11812560 
427,11813409 
428,11814664 
429,11814870 
427,11816939 
428,11817244 
429,11819757 
429,11821386 
430,11822377 
431,11822437 
431,11823659 
431,11824381 
430,11827020 
430,11828328 
431,11828935 
430,11829650 
427,11835299 
428,11835768 
427,11838279 
426,11839018 
427,11840204 
428,11840517 
426,11842385 
425,11845810 
423,11852177 
424,11852411 
424,11854588 
425,11855731 
426,11856866 
427,11857019 
428,11857702 
429,11858492 
430,11859005 
431,11859708 
432,11860721 
433,11860861 
433,11862596 
433,11863416 
432,11864023 
433,11864158 
432,11864977 
433,11865161 
434,11866235 
434,11866525 
433,11867220 
434,11868326 
429,11872648 
430,11872710 
431,11872915 
431,11875150 
432,11877214 
430,11877685 
431,11877919 
429,11879233 
430,11879627 
431,11881586 
432,11881876 
433,11882629 
434,11883981 
435,11884032 
435,11884131 
436,11884197 
435,11885871 
435,11886070 
436,11889430 
435,11893805 
436,11894434 
437,11894506 
434,11895586 
430,11898197 
431,11898263 
431,11899006 
432,11899063 
432,11901210 
433,11902362 
433,11904290 
434,11905208 
434,11907148 
435,11907632 
434,11910767 
433,11911862 
433,11912589 
434,11913001 
434,11914333 
433,11916378 
431,11917059 
427,11921798 
427,11923094 
427,11926613 
428,11927707 
429,11928095 
430,11928806 
431,11929502 
430,11931328 
431,11935574 
432,11937281 
432,11937864 
433,11938688 
434,11939998 
435,11942101 
436,11943328 
436,11945096 
437,11945146 
437,11950370 
437,11951633 
438,11951937 
436,11958314 
437,11958329 
437,11959048 
437,11961360 
431,11969500 
431,11969749 
432,11970433 
433,11971168 
434,11971227 
434,11973982 
434,11974488 
435,11975044 
435,11976686 
435,11978094 
431,11980669 
431,11983071 
432,11983289 
431,11985159 
431,11986333 
432,11986346 
432,11986990 
433,11987609 
433,11987907 
432,11989818 
433,11990000 
434,11992308 
433,11993197 
433,11994528 
433,11996442 
432,11999286 
432,12003557 
433,12004665 
431,12010079 
428,12014410 
429,12015456 
430,12018074 
429,12020817 
428,12021927 
429,12023736 
430,12024746 
428,12025826 
425,12028995 
425,12029945 
426,12030148 
427,12031170 
428,12031414 
429,12031784 
430,12032485 
431,12033018 
432,12033890 
433,12034641 
434,12035588 
434,12036240 
435,12036354 
435,12037070 
435,12038395 
435,12039004 
436,12039727 
431,12050691 
431,12051831 
432,12052008 
433,12052392 
434,12052956 
435,12053196 
436,12054459 
437,12055206 
438,12055276 
439,12055541 
437,12060086 
435,12063615 
435,12064348 
436,12065769 
436,12066116 
437,12066586 
438,12067998 
438,12068240 
435,12069266 
436,12069541 
435,12071718 
435,12072062 
435,12073408 
435,12074583 
436,12075531 
437,12076668 
438,12076930 
439,12077034 
439,12078566 
440,12078591 
441,12079238 
442,12079261 
443,12079357 
440,12084115 
438,12087080 
439,12087319 
440,12087614 
440,12088456 
441,12089003 
442,12089445 
443,12089712 
444,12089767 
445,12091302 
445,12092130 
445,12092321 
446,12092344 
447,12093310 
447,12093875 
447,12094975 
446,12097724 
447,12098133 
448,12098227 
444,12103631 
444,12105016 
444,12107299 
444,12108181 
445,12108746 
446,12108979 
447,12109554 
448,12110054 
449,12110470 
450,12111564 
451,12112460 
452,12112744 
451,12113006 
451,12113426 
451,12115212 
451,12115433 
451,12116316 
452,12116563 
452,12117925 
453,12118538 
454,12118715 
455,12119165 
455,12119571 
455,12120604 
455,12121907 
453,12122880 
449,12127213 
450,12127559 
449,12128903 
449,12130262 
450,12130940 
451,12131439 
452,12131620 
453,12131979 
454,12131999 
455,12134010 
454,12134932 
452,12137126 
452,12137333 
452,12138007 
450,12139330 
450,12139792 
451,12140713 
451,12141708 
449,12143056 
450,12143269 
451,12148041 
444,12155649 
445,12155708 
446,12155828 
447,12155957 
446,12161043 
445,12162711 
446,12162791 
446,12163018 
444,12164030 
445,12164093 
446,12164283 
441,12169000 
442,12169065 
439,12173471 
440,12173646 
441,12173708 
440,12175859 
441,12176009 
442,12176557 
443,12177294 
442,12178243 
442,12180019 
443,12180345 
444,12181786 
444,12182620 
445,12182937 
445,12184320 
446,12184649 
447,12184657 
444,12188497 
444,12189345 
445,12190655 
446,12190676 
446,12191720 
446,12192382 
447,12192775 
448,12192870 
449,12193810 
450,12194844 
446,12198549 
447,12200430 
448,12200784 
449,12201159 
450,12201388 
451,12201845 
452,12202081 
453,12202552 
454,12203588 
455,12204416 
455,12205581 
453,12209563 
451,12210903 
452,12211960 
453,12213913 
452,12214403 
453,12214453 
454,12216625 
454,12218209 
454,12218609 
454,12220563 
454,12221280 
454,12223823 
455,12224223 
456,12224797 
457,12225151 
458,12225267 
459,12225994 
460,12228515 
458,12229427 
458,12231071 
457,12231436 
458,12231808 
459,12233582 
460,12234761 
461,12235225 
462,12235382 
462,12236645 
462,12237875 
463,12238384 
462,12239474 
463,12240231 
462,12240560 
463,12240650 
464,12241346 
463,12245651 
463,12245746 
463,12246306 
461,12247430 
462,12248819 
461,12249795 
459,12252383 
460,12252597 
459,12255199 
460,12256732 
460,12258974 
458,12259571 
458,12261215 
458,12261637 
459,12262966 
460,12263103 
460,12263788 
460,12265688 
461,12265908 
460,12269065 
460,12270671 
461,12271530 
454,12276992 
455,12277188 
456,12277441 
457,12277660 
457,12278175 
454,12280941 
454,12281958 
455,12284239 
455,12285606 
451,12291478 
452,12292403 
451,12293161 
442,12297714 
439,12301031 
440,12301589 
441,12302996 
441,12304203 
440,12306188 
440,12306969 
439,12308299 
440,12308944 
440,12309073 
441,12310418 
442,12311157 
441,12311861 
442,12311931 
443,12312684 
443,12315357 
444,12315918 
445,12315932 
445,12316498 
446,12316633 
447,12317075 
445,12318361 
446,12319610 
446,12320573 
447,12320620 
448,12321187 
449,12321589 
450,12322812 
451,12322837 
452,12323999 
450,12326499 
451,12327776 
452,12328253 
452,12330126 
452,12330414 
453,12330417 
454,12330685 
453,12332489 
454,12332525 
455,12332617 
453,12336140 
454,12336345 
455,12336485 
455,12338244 
456,12338919 
456,12338935 
457,12339361 
457,12340013 
456,12340866 
456,12342483 
457,12343418 
457,12344813 
458,12346473 
459,12347511 
456,12349551 
457,12349889 
456,12354119 
457,12354181 
458,12354969 
459,12355507 
459,12356501 
459,12358620 
459,12361098 
459,12363020 
458,12364200 
458,12365205 
458,12365508 
457,12367704 
458,12367777 
459,12368435 
460,12369567 
457,12371689 
457,12374803 
458,12374875 
458,12375132 
458,12375441 
459,12375464 
456,12383087 
456,12385340 
456,12388799 
457,12390850 
454,12395302 
455,12395939 
454,12397016 
455,12398468 
455,12399646 
454,12401623 
450,12405010 
450,12409089 
449,12409706 
450,12410179 
450,12411950 
449,12413802 
449,12414927 
449,12415265 
450,12415820 
451,12416828 
450,12418077 
449,12419499 
448,12420010 
449,12420429 
450,12421238 
451,12421487 
451,12421897 
452,12421986 
452,12422534 
453,12422613 
454,12423611 
455,12424498 
455,12425091 
456,12425783 
454,12428242 
452,12431895 
450,12434640 
451,12436312 
452,12438407 
453,12439090 
452,12440635 
453,12440745 
454,12442000 
453,12443841 
453,12445033 
452,12445341 
453,12445936 
454,12446246 
455,12446520 
456,12446993 
457,12447860 
458,12450582 
458,12450760 
459,12452334 
459,12452372 
460,12453168 
461,12454401 
461,12456301 
460,12457663 
457,12461789 
457,12462443 
457,12463007 
457,12463388 
453,12466463 
454,12467143 
455,12467311 
455,12467955 
454,12468541 
450,12471736 
450,12472548 
450,12473370 
451,12473819 
452,12477081 
453,12477122 
451,12478002 
451,12481255 
450,12483279 
449,12484681 
450,12485641 
448,12487446 
449,12487705 
446,12489262 
447,12489373 
447,12491708 
448,12491917 
449,12492556 
450,12493791 
450,12495039 
450,12495102 
451,12495265 
452,12497917 
450,12500320 
450,12500793 
451,12500814 
452,12500847 
453,12502591 
453,12503217 
454,12503727 
453,12505162 
453,12506129 
454,12506169 
455,12506859 
456,12506986 
457,12507027 
456,12509295 
457,12509739 
456,12510178 
456,12512108 
456,12512716 
457,12513387 
458,12513857 
459,12513962 
460,12515197 
460,12516398 
461,12516443 
462,12516719 
459,12522130 
460,12522143 
461,12522537 
462,12522564 
463,12523283 
464,12524355 
463,12530089 
464,12530446 
464,12532457 
464,12532655 
463,12534190 
463,12535166 
463,12536432 
463,12540631 
464,12541064 
464,12542253 
463,12543526 
464,12543724 
465,12544196 
466,12544354 
466,12545360 
467,12545553 
467,12547234 
466,12548501 
467,12549349 
466,12550389 
465,12556663 
465,12557224 
466,12558805 
467,12558982 
468,12559745 
469,12562160 
470,12562233 
471,12562721 
470,12563646 
470,12566008 
471,12566134 
471,12567328 
472,12567925 
473,12571201 
474,12571314 
475,12571378 
476,12572526 
477,12573843 
477,12574346 
477,12575084 
478,12575128 
476,12576074 
477,12576947 
478,12577260 
479,12578290 
476,12581540 
476,12584377 
477,12587457 
476,12588756 
474,12591277 
474,12592613 
474,12593517 
474,12594794 
474,12595009 
475,12596864 
476,12596866 
476,12597849 
477,12597919 
477,12598886 
476,12602692 
477,12603569 
477,12605269 
478,12606246 
479,12606261 
480,12606357 
480,12609257 
481,12609335 
481,12609567 
482,12610353 
483,12610722 
484,12613374 
485,12614056 
486,12614484 
486,12615121 
487,12618502 
487,12618608 
488,12618918 
488,12619416 
488,12622234 
489,12622566 
489,12622658 
489,12623385 
489,12625747 
490,12625808 
491,12625888 
488,12633043 
486,12635282 
487,12635426 
481,12639840 
477,12643635 
477,12643815 
477,12651517 
478,12651550 
479,12652220 
479,12654649 
479,12654963 
475,12657992 
475,12659089 
475,12659479 
474,12660306 
474,12660441 
475,12660741 
476,12661012 
477,12661923 
478,12662788 
479,12664233 
479,12664977 
480,12666801 
479,12669753 
480,12670340 
478,12671494 
477,12673665 
475,12677843 
475,12678609 
476,12679075 
477,12679109 
475,12681443 
473,12683240 
472,12683749 
470,12685380 
471,12688880 
471,12689307 
466,12693814 
458,12699025 
459,12699654 
459,12699983 
460,12702148 
461,12702175 
459,12705480 
459,12705639 
460,12707987 
461,12708301 
460,12708825 
461,12708997 
460,12713074 
461,12713180 
460,12714057 
459,12714974 
460,12715131 
458,12717096 
456,12718683 
456,12720208 
454,12721629 
455,12722068 
451,12724826 
451,12725184 
452,12725366 
451,12726006 
451,12727160 
451,12729692 
452,12731084 
449,12734850 
449,12735642 
449,12735744 
446,12738457 
447,12738591 
447,12739071 
447,12739271 
448,12741045 
448,12741342 
449,12741747 
445,12744946 
445,12747221 
444,12749124 
445,12750191 
446,12750431 
447,12751931 
448,12752221 
448,12752862 
449,12753813 
450,12754377 
451,12754377 
452,12754984 
453,12756694 
454,12760205 
451,12761688 
451,12762430 
451,12762787 
452,12764406 
453,12764829 
453,12765913 
451,12768415 
452,12768668 
449,12769267 
450,12772976 
449,12776070 
443,12783005 
443,12783194 
443,12784841 
443,12785041 
443,12786123 
441,12788481 
441,12789380 
440,12791941 
440,12792611 
440,12794100 
439,12794855 
438,12796025 
438,12796765 
436,12798320 
437,12798330 
437,12798806 
437,12801139 
438,12802978 
439,12803441 
440,12804360 
435,12806985 
436,12807246 
436,12807508 
436,12807591 
436,12808587 
434,12811349 
435,12811986 
434,12816125 
434,12816697 
434,12817365 
435,12817684 
431,12821572 
432,12822621 
432,12823222 
432,12823857 
433,12824251 
434,12824567 
435,12825074 
434,12826249 
435,12826742 
434,12829504 
432,12830541 
432,12831201 
433,12831947 
434,12832001 
435,12833012 
436,12833099 
436,12833877 
434,12836062 
435,12836221 
436,12836425 
437,12836585 
433,12840367 
429,12844476 
426,12846175 
427,12847734 
428,12849640 
429,12849904 
430,12850093 
430,12850204 
426,12853595 
427,12853615 
427,12854144 
427,12854641 
428,12855708 
428,12855838 
429,12856640 
430,12856875 
428,12857624 
429,12858652 
430,12859089 
431,12859692 
431,12862832 
432,12862905 
427,12867957 
425,12872459 
426,12872574 
426,12874834 
425,12876584 
426,12877490 
427,12878816 
428,12880525 
429,12880798 
430,12881283 
426,12884781 
426,12888882 
426,12889252 
427,12889384 
428,12890165 
428,12894709 
429,12894805 
430,12895217 
430,12896344 
431,12896473 
431,12897927 
431,12899896 
432,12901984 
432,12902143 
432,12903567 
433,12904458 
434,12904818 
433,12907282 
433,12908019 
431,12911985 
432,12912321 
432,12913569 
432,12913944 
433,12914089 
434,12915061 
431,12917183 
431,12918654 
432,12919174 
432,12920372 
431,12921119 
430,12921468 
430,12922403 
431,12922409 
426,12927336 
425,12928292 
425,12929235 
423,12933327 
424,12934142 
424,12934959 
422,12935739 
423,12936558 
424,12937087 
422,12938909 
423,12939204 
424,12939976 
425,12940271 
426,12940450 
427,12940584 
428,12940859 
426,12941652 
427,12942008 
428,12942673 
429,12943062 
428,12944786 
428,12946920 
429,12947170 
429,12947502 
428,12949806 
429,12949925 
430,12950996 
429,12952396 
428,12954702 
429,12955483 
430,12956481 
431,12956760 
432,12958327 
430,12960178 
429,12962371 
430,12962605 
430,12963548 
431,12963609 
432,12965169 
432,12967569 
432,12968562 
431,12970240 
431,12970697 
432,12970830 
433,12970975 
430,12975318 
431,12976328 
431,12976713 
432,12979585 
428,12981312 
429,12981705 
430,12982478 
431,12982916 
432,12983379 
433,12984021 
434,12984543 
435,12985688 
436,12986232 
436,12988627 
437,12989253 
438,12992328 
439,12993594 
438,12994000 
439,12995123 
440,12995609 
440,12996117 
441,12996490 
442,12997314 
443,12999037 
444,12999484 
445,12999916 
446,12999923 
445,13001065 
445,13003203 
445,13003514 
445,13005211 
445,13010691 
446,13012300 
445,13015081 
445,13015733 
445,13017278 
446,13017625 
442,13022546 
442,13022972 
442,13023149 
443,13023265 
444,13023616 
433,13032696 
433,13033082 
434,13035607 
435,13035677 
431,13044078 
430,13046569 
430,13048466 
431,13049435 
427,13052249 
427,13054097 
428,13055097 
424,13061399 
425,13062327 
425,13065125 
426,13065311 
427,13065777 
427,13066477 
428,13066578 
429,13066885 
427,13068245 
428,13068478 
429,13070334 
430,13070818 
429,13072613 
430,13072643 
431,13072672 
431,13072876 
431,13073220 
431,13073536 
432,13073666 
433,13073730 
432,13078048 
431,13078982 
432,13079707 
431,13082147 
432,13082573 
432,13083367 
433,13085593 
433,13087300 
433,13089118 
430,13092611 
431,13092727 
430,13095024 
431,13095270 
431,13095795 
432,13095841 
427,13100201 
428,13100390 
429,13101052 
429,13103025 
429,13105382 
426,13107636 
424,13109983 
425,13110139 
426,13110334 
427,13110412 
421,13114649 
422,13114822 
423,13115265 
424,13115349 
425,13115625 
425,13117017 
426,13117130 
423,13119069 
423,13120625 
421,13122490 
422,13123020 
422,13124431 
423,13125050 
419,13128897 
419,13131287 
420,13132406 
421,13133956 
422,13134160 
423,13134266 
424,13134816 
424,13134976 
425,13135188 
422,13139248 
422,13140351 
423,13140612 
424,13140774 
425,13141212 
424,13143970 
425,13144068 
418,13150196 
418,13150826 
418,13152604 
418,13152684 
419,13153108 
420,13153396 
420,13154517 
420,13158989 
421,13159231 
419,13163617 
418,13164078 
418,13164345 
415,13167750 
414,13169906 
414,13170853 
409,13176354 
409,13178564 
406,13180502 
403,13185761 
403,13186518 
404,13187025 
404,13187120 
405,13187667 
406,13188197 
406,13190302 
406,13192822 
407,13193535 
407,13194567 
407,13196487 
408,13196898 
407,13198540 
406,13199895 
407,13201269 
406,13202527 
407,13202601 
405,13202743 
405,13205340 
406,13207371 
405,13208668 
406,13209445 
403,13212206 
399,13217040 
395,13220084 
396,13220898 
397,13222029 
396,13223921 
395,13225023 
396,13225556 
397,13226507 
396,13227569 
393,13231333 
394,13231540 
395,13231973 
396,13232437 
397,13234415 
398,13237300 
398,13238901 
397,13240469 
398,13240690 
398,13245072 
399,13245092 
400,13245161 
401,13248408 
401,13252353 
402,13252572 
401,13256804 
402,13257002 
401,13257341 
402,13258172 
403,13258850 
404,13262573 
393,13272647 
392,13275177 
392,13276545 
393,13277828 
393,13280292 
394,13280974 
393,13283565 
394,13283599 
393,13284936 
394,13285768 
393,13288972 
393,13291042 
394,13293409 
393,13295114 
394,13295323 
395,13296260 
396,13298467 
397,13299318 
398,13300647 
399,13301790 
400,13302956 
399,13305536 
400,13306321 
399,13307134 
400,13308530 
401,13308810 
402,13308884 
403,13309970 
403,13311494 
401,13315043 
399,13318911 
400,13319014 
399,13320460 
400,13320772 
400,13323725 
401,13323738 
402,13323796 
403,13324014 
404,13324123 
402,13326952 
403,13329351 
402,13330287 
403,13331645 
403,13334407 
403,13334896 
404,13335788 
404,13336216 
405,13336968 
405,13338529 
406,13338770 
407,13339341 
408,13339484 
407,13340991 
408,13341010 
409,13342545 
407,13343978 
408,13344954 
407,13347563 
408,13347775 
408,13348953 
409,13349106 
409,13350859 
409,13352832 
410,13353176 
410,13354225 
411,13354567 
409,13356814 
405,13359426 
405,13361413 
405,13363966 
404,13367385 
405,13367461 
405,13368063 
404,13370369 
405,13370379 
405,13371824 
406,13372890 
405,13374252 
406,13375019 
407,13375899 
408,13376001 
407,13384379 
408,13385131 
409,13386988 
409,13387265 
407,13390558 
408,13390922 
408,13392893 
407,13395444 
407,13397833 
408,13398331 
408,13399673 
405,13403203 
405,13403881 
406,13404459 
407,13405209 
408,13405697 
408,13406727 
407,13408364 
408,13408641 
408,13410147 
409,13410470 
410,13411092 
406,13419083 
407,13420658 
407,13421708 
406,13422779 
407,13422979 
404,13429293 
404,13429809 
402,13433648 
402,13435220 
402,13435621 
403,13435789 
401,13437271 
402,13437510 
403,13437732 
401,13440010 
399,13441389 
399,13444069 
398,13446589 
399,13448057 
400,13450472 
401,13450742 
401,13451004 
402,13451804 
403,13452044 
402,13452800 
403,13452921 
404,13453492 
401,13458509 
400,13459752 
392,13472583 
392,13473739 
393,13474435 
394,13474872 
395,13475181 
396,13475187 
397,13476473 
396,13478255 
394,13483434 
391,13488729 
392,13489291 
391,13491348 
392,13492659 
390,13494303 
391,13494307 
391,13499172 
389,13500168 
390,13500283 
391,13501063 
387,13507663 
387,13509034 
387,13509590 
387,13509722 
388,13510511 
388,13511682 
388,13512348 
389,13512523 
389,13512983 
390,13513019 
389,13516803 
389,13517342 
390,13517969 
384,13524209 
385,13525054 
383,13526951 
382,13527227 
383,13528509 
384,13531080 
385,13531912 
383,13534126 
384,13535069 
385,13536987 
386,13537328 
385,13539491 
385,13539791 
385,13541091 
384,13542153 
378,13546422 
375,13548447 
374,13549679 
372,13553927 
373,13554000 
371,13555797 
371,13557542 
372,13557623 
370,13561338 
369,13563769 
369,13566147 
370,13566743 
367,13568645 
368,13569449 
368,13571305 
368,13572866 
369,13573053 
368,13575152 
367,13575705 
367,13576246 
367,13576453 
368,13577854 
365,13584402 
366,13584774 
366,13586283 
366,13586733 
362,13588978 
361,13589895 
356,13598789 
353,13601989 
353,13603004 
353,13603957 
354,13604140 
352,13605405 
352,13607123 
351,13609274 
350,13616218 
351,13616903 
350,13620469 
351,13620601 
350,13626742 
351,13627221 
348,13628654 
349,13630240 
350,13631406 
351,13631558 
352,13633161 
353,13634312 
354,13635474 
355,13637199 
352,13640607 
353,13645634 
354,13646434 
355,13648587 
355,13650383 
355,13652535 
354,13654161 
354,13654940 
355,13655608 
356,13656167 
357,13656435 
357,13657873 
356,13661981 
357,13662335 
358,13663713 
358,13665757 
357,13667942 
349,13675782 
347,13677522 
345,13680006 
346,13681996 
342,13687433 
343,13687660 
342,13690198 
342,13690446 
343,13691920 
342,13694721 
343,13695105 
342,13698019 
343,13699166 
342,13700273 
342,13701104 
342,13701177 
343,13704833 
342,13705631 
342,13705889 
343,13706736 
342,13711623 
341,13712716 
342,13713185 
339,13715231 
340,13715316 
341,13716555 
342,13717078 
343,13717220 
343,13717772 
344,13717958 
343,13719707 
344,13719918 
342,13720645 
343,13721210 
344,13721516 
343,13723793 
340,13729572 
340,13731000 
341,13731743 
341,13735978 
342,13736079 
342,13736287 
342,13738480 
336,13744722 
336,13745209 
335,13745600 
336,13745699 
336,13748597 
336,13754278 
336,13755301 
333,13758291 
333,13760262 
334,13760320 
335,13760823 
334,13766916 
334,13770947 
333,13778055 
334,13778303 
335,13778671 
336,13778875 
337,13779017 
338,13779030 
339,13779728 
340,13779887 
341,13779890 
342,13780918 
342,13782818 
343,13783303 
343,13783419 
344,13784618 
345,13784938 
345,13786814 
343,13791836 
339,13798885 
339,13799925 
336,13805039 
336,13806111 
337,13806123 
335,13809321 
331,13817653 
332,13818566 
332,13820585 
332,13824573 
330,13828998 
331,13829109 
332,13830109 
331,13832363 
331,13832706 
332,13833452 
333,13835338 
330,13838748 
331,13839168 
330,13843163 
328,13846846 
329,13847748 
326,13850321 
326,13854165 
327,13856823 
326,13859575 
327,13861172 
325,13863167 
325,13864170 
326,13865233 
326,13867652 
327,13868194 
327,13868754 
328,13868772 
329,13868820 
330,13869582 
331,13870330 
332,13871131 
333,13871822 
334,13872470 
335,13873749 
335,13875336 
336,13876414 
336,13877775 
337,13878147 
337,13880491 
336,13884394 
335,13887359 
333,13890359 
333,13891166 
334,13891903 
335,13892101 
334,13897231 
334,13898536 
328,13906961 
329,13907628 
329,13907971 
330,13908320 
331,13908888 
332,13909610 
333,13909663 
326,13916513 
326,13920341 
327,13921588 
328,13922837 
327,13923981 
328,13924262 
329,13925239 
328,13925940 
329,13926536 
325,13930035 
324,13933390 
323,13935314 
324,13935542 
324,13937349 
324,13939498 
321,13941108 
316,13946430 
316,13948453 
316,13948839 
312,13956711 
308,13963206 
309,13964133 
310,13964219 
310,13965626 
310,13965834 
310,13967346 
310,13969744 
311,13969981 
310,13973291 
311,13973393 
307,13979721 
306,13980794 
306,13983074 
306,13983104 
307,13983231 
307,13984012 
308,13987736 
309,13988343 
310,13988418 
310,13989814 
309,13991784 
309,13991869 
310,13993823 
311,13993898 
312,13994170 
313,13994764 
308,14003317 
309,14003722 
309,14007109 
308,14008935 
306,14011272 
301,14017046 
302,14018083 
303,14019779 
303,14020723 
304,14021717 
305,14022772 
306,14023357 
304,14027478 
304,14027613 
304,14031164 
305,14032590 
306,14032611 
307,14032705 
307,14034201 
307,14035528 
308,14037124 
301,14045551 
300,14047783 
301,14050727 
302,14051319 
303,14051483 
304,14052162 
304,14054238 
305,14054673 
303,14055751 
299,14060077 
300,14060272 
301,14061592 
302,14062490 
302,14064189 
302,14067475 
303,14068525 
304,14069244 
305,14070650 
306,14070787 
307,14070921 
308,14071081 
309,14075449 
310,14075692 
311,14075886 
310,14078770 
305,14084137 
306,14084337 
307,14085576 
308,14088166 
307,14093474 
306,14095406 
307,14096286 
307,14096758 
305,14099363 
306,14099827 
305,14104283 
303,14110479 
303,14113181 
303,14114289 
302,14115127 
302,14116077 
302,14117221 
300,14119935 
301,14121658 
300,14125913 
299,14129011 
294,14137202 
295,14137973 
291,14142975 
292,14143483 
292,14144481 
293,14144541 
293,14145409 
292,14150475 
293,14150923 
294,14150942 
294,14151694 
294,14156753 
295,14158619 
294,14158953 
291,14166863 
292,14167625 
290,14172475 
289,14173833 
289,14174526 
289,14177434 
288,14178625 
289,14179241 
289,14179450 
290,14179778 
288,14182025 
286,14190206 
287,14190293 
288,14190474 
287,14192068 
288,14194830 
289,14197803 
290,14198831 
291,14200480 
292,14201650 
288,14209156 
286,14215070 
287,14215637 
288,14215848 
288,14218595 
287,14222569 
288,14222947 
287,14226106 
288,14230129 
286,14234512 
280,14244999 
280,14247118 
279,14253322 
279,14253832 
279,14256457 
279,14257952 
278,14260412 
277,14261287 
277,14262999 
274,14274874 
275,14276765 
276,14277554 
276,14280612 
276,14283732 
277,14284471 
277,14285534 
278,14285649 
279,14285793 
279,14286021 
279,14287134 
280,14289289 
280,14292324 
280,14293315 
281,14295110 
280,14296927 
281,14299006 
281,14299825 
281,14302315 
281,14303531 
280,14305607 
277,14311110 
277,14312095 
277,14317223 
277,14318504 
278,14318802 
277,14321285 
272,14325152 
271,14325499 
270,14328134 
270,14331079 
271,14331945 
269,14336685 
270,14337856 
271,14338985 
269,14342288 
269,14343500 
269,14349772 
266,14351994 
266,14354987 
267,14357997 
266,14360417 
266,14363198 
264,14366481 
265,14366727 
266,14370834 
266,14373368 
267,14375463 
267,14376567 
268,14376995 
269,14382013 
270,14382460 
262,14385378 
258,14388502 
257,14391611 
257,14396106 
257,14400962 
258,14403426 
255,14409856 
254,14413861 
255,14414808 
255,14416024 
254,14424853 
255,14425754 
256,14427012 
256,14429654 
257,14431128 
258,14431649 
259,14431718 
257,14436620 
254,14443141 
253,14447099 
253,14450469 
252,14458201 
251,14462780 
238,14477554 
238,14479516 
239,14479535 
239,14482043 
240,14482069 
239,14483926 
239,14486102 
240,14486112 
240,14486282 
240,14491807 
238,14495372 
236,14497236 
237,14497536 
238,14498395 
238,14502212 
238,14503470 
239,14505289 
240,14511617 
238,14512949 
235,14515205 
236,14515272 
237,14516923 
238,14520682 
238,14522898 
239,14524086 
239,14525943 
239,14527535 
234,14532845 
234,14536340 
235,14539763 
232,14544319 
233,14545345 
233,14552921 
232,14557272 
233,14559439 
232,14561925 
233,14562020 
231,14569253 
230,14572836 
229,14575568 
228,14580069 
229,14581307 
229,14584932 
228,14586518 
228,14587428 
226,14588820 
227,14592118 
227,14592853 
225,14594754 
221,14599807 
222,14601973 
222,14602715 
223,14607612 
224,14607953 
220,14617521 
220,14621087 
217,14627278 
216,14629262 
217,14630447 
211,14639786 
210,14642901 
210,14654335 
211,14655208 
206,14660166 
207,14662442 
206,14665861 
204,14671940 
204,14672724 
199,14676172 
200,14677726 
201,14679591 
199,14681836 
200,14682495 
201,14684268 
199,14692260 
199,14693985 
200,14696260 
201,14699037 
202,14699998 
203,14700098 
203,14701000 
201,14707484 
202,14707818 
203,14712283 
204,14712292 
205,14712596 
205,14715394 
199,14727542 
200,14729622 
200,14735296 
200,14738025 
201,14739302 
200,14746311 
200,14748480 
194,14761018 
194,14762188 
193,14764071 
194,14770870 
194,14771685 
193,14777385 
194,14777434 
195,14778743 
195,14779482 
196,14780846 
193,14785472 
193,14787868 
194,14791050 
195,14792021 
193,14795669 
194,14795972 
194,14797292 
193,14803118 
193,14803800 
194,14804659 
193,14805706 
193,14808130 
193,14808343 
193,14814553 
194,14816858 
195,14818093 
193,14822068 
192,14828942 
193,14829695 
194,14829711 
193,14835198 
194,14835399 
194,14845113 
195,14847509 
196,14848663 
195,14853752 
196,14854087 
197,14855296 
196,14858189 
195,14861581 
194,14863009 
195,14864396 
195,14865570 
195,14867203 
195,14871693 
193,14883027 
185,14897591 
184,14900865 
182,14905078 
183,14905938 
184,14906751 
181,14916441 
181,14920737 
182,14921566 
182,14923003 
180,14927337 
181,14928414 
180,14933205 
181,14934601 
181,14936519 
181,14939356 
172,14970201 
170,14978103 
166,14986941 
166,14987701 
167,14989345 
168,14990081 
168,14990250 
169,14993538 
170,14996302 
170,14998063 
168,15008582 
168,15012049 
169,15015181 
170,15015986 
171,15018182 
172,15018196 
171,15023640 
172,15029260 
171,15030646 
172,15031048 
172,15032793 
168,15044275 
169,15046239 
167,15056265 
168,15056683 
169,15058590 
170,15061005 
171,15061558 
169,15077445 
170,15077665 
171,15080653 
169,15085272 
170,15086556 
168,15089805 
166,15097415 
167,15099363 
162,15112477 
163,15113758 
164,15114396 
159,15126202 
159,15128240 
157,15132530 
157,15137666 
154,15150483 
155,15152269 
156,15153104 
157,15155706 
158,15157576 
157,15162408 
158,15162647 
157,15168351 
153,15186266 
153,15192443 
154,15192794 
155,15195544 
153,15201435 
154,15203408 
153,15209447 
154,15212280 
153,15220054 
153,15227803 
154,15231587 
153,15234671 
153,15238152 
154,15240045 
154,15246061 
154,15254682 
152,15264919 
152,15265176 
153,15265708 
154,15265749 
155,15266006 
154,15274646 
153,15278871 
154,15280544 
152,15286257 
150,15287506 
150,15292005 
151,15294616 
152,15296797 
152,15297196 
153,15297482 
153,15300161 
153,15301849 
154,15302498 
154,15304398 
152,15306877 
153,15307694 
154,15309366 
155,15311253 
154,15315947 
152,15317501 
153,15318136 
153,15321310 
154,15322869 
153,15333327 
154,15334393 
154,15335931 
153,15344035 
153,15344370 
153,15351476 
153,15355714 
154,15360341 
155,15360385 
156,15361488 
156,15366467 
153,15381008 
154,15382021 
146,15397621 
144,15406780 
144,15408581 
142,15414709 
139,15427617 
137,15436064 
138,15436155 
137,15442019 
137,15451857 
137,15452472 
137,15456506 
132,15471524 
132,15472551 
132,15478712 
133,15482908 
133,15490753 
134,15492710 
134,15499174 
135,15501728 
135,15503164 
136,15503537 
137,15504102 
138,15504528 
138,15507561 
139,15507957 
133,15529730 
131,15537249 
131,15538464 
129,15554130 
130,15560128 
131,15562287 
132,15564654 
133,15567283 
134,15574628 
134,15577191 
128,15599547 
129,15599729 
130,15600960 
129,15610106 
129,15615731 
130,15617017 
131,15617905 
132,15618557 
132,15620324 
132,15621991 
131,15623324 
131,15628628 
128,15638590 
129,15638954 
130,15641120 
131,15645866 
130,15651946 
131,15653319 
132,15653798 
133,15655560 
134,15656280 
134,15661382 
134,15663245 
132,15672845 
133,15681128 
134,15681906 
131,15694146 
129,15707556 
130,15711057 
128,15721957 
129,15722073 
129,15731879 
130,15732179 
130,15736174 
130,15740326 
130,15746744 
130,15756253 
127,15763735 
128,15764368 
127,15767551 
128,15770855 
129,15773106 
128,15792431 
129,15792591 
127,15801003 
128,15802981 
127,15812278 
126,15823105 
126,15826827 
127,15827543 
125,15840261 
126,15840956 
125,15850830 
125,15859031 
125,15866252 
126,15867377 
123,15870931 
124,15876121 
125,15876942 
123,15890970 
123,15891343 
124,15891955 
125,15894587 
126,15894924 
126,15898932 
122,15902436 
123,15904405 
123,15906163 
123,15906837 
123,15907682 
124,15908107 
119,15916915 
120,15919487 
116,15927733 
117,15930437 
118,15936670 
117,15944443 
118,15946137 
119,15946865 
120,15947328 
120,15950243 
121,15951367 
122,15954754 
121,15963770 
117,15986062 
115,16003717 
115,16012181 
116,16012274 
116,16015112 
117,16015578 
117,16026321 
117,16033728 
116,16042217 
116,16049570 
117,16050301 
115,16072548 
115,16075964 
115,16077157 
115,16077723 
116,16079143 
115,16090150 
113,16099476 
113,16101201 
114,16103514 
115,16103870 
116,16105156 
110,16115055 
111,16121038 
112,16123662 
112,16136395 
113,16139001 
113,16145470 
114,16152330 
115,16154964 
115,16159866 
116,16160408 
117,16161132 
118,16161967 
118,16166662 
116,16176519 
117,16177759 
116,16183784 
117,16199066 
118,16200040 
119,16200077 
120,16202287 
114,16222862 
115,16223261 
112,16232765 
112,16242825 
110,16247608 
110,16252587 
111,16255136 
112,16256686 
107,16263566 
107,16267271 
107,16268862 
108,16273135 
108,16280718 
109,16281527 
108,16289460 
109,16291022 
110,16293914 
111,16298629 
111,16301762 
112,16303909 
113,16304478 
113,16310181 
114,16311098 
113,16316504 
114,16322036 
115,16325572 
114,16327056 
113,16337284 
114,16338477 
108,16373939 
107,16381652 
108,16383890 
109,16391643 
110,16391947 
111,16395739 
110,16398146 
111,16399424 
112,16405256 
110,16417383 
111,16419498 
112,16420728 
113,16420920 
113,16429795 
112,16434731 
111,16446894 
111,16450673 
110,16464696 
111,16465930 
109,16476023 
110,16476353 
111,16476634 
112,16478653 
111,16488347 
112,16494276 
111,16496467 
110,16499640 
104,16512930 
105,16514250 
106,16523123 
104,16537226 
105,16539462 
105,16542108 
106,16544556 
107,16546720 
104,16553673 
103,16558057 
103,16561318 
104,16562630 
105,16566047 
106,16566057 
105,16597492 
106,16600447 
107,16601730 
108,16605832 
108,16606292 
109,16606896 
110,16615229 
111,16615486 
112,16616505 
113,16616519 
112,16619059 
111,16623981 
112,16626558 
113,16629115 
114,16630646 
114,16632982 
115,16633214 
114,16651871 
113,16656381 
114,16658866 
115,16664896 
116,16671364 
113,16684762 
114,16688565 
114,16698839 
112,16714547 
112,16725107 
113,16725362 
113,16728254 
113,16732044 
114,16740198 
113,16749864 
107,16767978 
107,16776013 
108,16776291 
109,16777301 
110,16779844 
111,16780346 
110,16784972 
110,16802093 
111,16803073 
109,16805875 
109,16807579 
110,16808898 
111,16809702 
112,16812920 
113,16817119 
114,16818139 
115,16818698 
116,16821419 
115,16828808 
116,16833438 
117,16834340 
117,16838704 
118,16840347 
119,16845239 
118,16852626 
119,16853650 
120,16855263 
118,16867064 
118,16873279 
117,16884587 
112,16906104 
112,16907870 
110,16918464 
111,16921039 
110,16927622 
111,16929001 
109,16938802 
108,16955702 
109,16968909 
110,16973944 
111,16975901 
109,16995701 
110,16995736 
111,16996434 
109,17001472 
108,17004594 
109,17009191 
109,17010574 
110,17016713 
111,17018342 
112,17021807 
109,17027109 
110,17032233 
110,17034656 
111,17039476 
111,17048940 
111,17063829 
110,17071642 
106,17094659 
106,17100130 
105,17108026 
106,17111081 
105,17125574 
106,17125690 
106,17129706 
107,17131298 
103,17155512 
104,17156810 
105,17157035 
100,17185299 
101,17190288 
102,17196104 
103,17200523 
101,17208206 
100,17217591 
94,17231964 
94,17235349 
94,17236607 
93,17238997 
94,17248491 
95,17253483 
95,17258320 
94,17265881 
94,17270542 
95,17271288 
94,17292289 
93,17306843 
94,17310939 
95,17315697 
96,17318485 
96,17320370 
97,17327708 
95,17333758 
95,17337400 
95,17347400 
96,17353953 
97,17354474 
97,17359674 
98,17366502 
99,17366671 
99,17369765 
100,17370871 
94,17395688 
95,17405226 
96,17405285 
91,17415295 
91,17419452 
90,17423062 
89,17429044 
85,17447825 
85,17457257 
83,17462665 
84,17463377 
83,17478179 
84,17481112 
85,17483419 
86,17485892 
86,17495459 
87,17508189 
86,17513304 
87,17515198 
87,17521746 
84,17535475 
85,17549204 
86,17549955 
87,17550395 
87,17565780 
88,17566414 
88,17577430 
87,17591516 
88,17594278 
86,17601482 
87,17603809 
80,17632408 
81,17632630 
80,17639668 
80,17644708 
81,17649283 
81,17655318 
82,17656122 
83,17666268 
84,17666951 
82,17702373 
82,17705058 
83,17709894 
83,17714236 
83,17717556 
80,17758081 
79,17761649 
79,17771224 
79,17777273 
80,17779351 
81,17782795 
81,17793144 
81,17799311 
80,17805488 
80,17814207 
81,17817219 
81,17825671 
80,17840961 
80,17841678 
80,17848977 
80,17857969 
81,17858041 
81,17862998 
81,17863200 
82,17865870 
80,17877231 
81,17879504 
82,17881372 
83,17894291 
83,17906192 
84,17908648 
85,17909066 
82,17924306 
82,17925640 
80,17943912 
77,17968294 
78,17968883 
76,17987894 
77,17992919 
78,17997221 
78,18000872 
79,18002502 
76,18027673 
75,18044197 
76,18048509 
77,18049447 
78,18050277 
75,18070577 
76,18079167 
76,18084114 
77,18085151 
76,18090539 
77,18090585 
76,18106359 
75,18118109 
75,18137644 
72,18160298 
72,18168966 
70,18195959 
69,18199144 
70,18199546 
69,18209126 
70,18219708 
71,18222290 
72,18225706 
73,18229741 
71,18237720 
67,18261545 
68,18263002 
67,18289215 
68,18292672 
66,18318480 
65,18323499 
64,18367701 
65,18373655 
66,18375698 
66,18376860 
67,18380337 
68,18381874 
68,18386550 
66,18407044 
65,18411898 
63,18431230 
61,18461246 
56,18482795 
55,18489354 
56,18493666 
56,18500129 
57,18502529 
58,18505486 
56,18523530 
57,18527593 
56,18547580 
56,18563720 
54,18575186 
55,18581772 
56,18592141 
56,18594130 
53,18613790 
54,18618058 
55,18621166 
56,18626804 
55,18651769 
53,18661000 
53,18676098 
54,18678100 
50,18709610 
50,18713028 
51,18721000 
51,18731421 
51,18751401 
51,18789201 
52,18791008 
48,18825384 
47,18833254 
48,18833763 
48,18836224 
48,18857338 
47,18879654 
46,18901745 
47,18911567 
46,18930988 
46,18975685 
47,18977745 
41,19019460 
42,19028717 
41,19075307 
41,19090015 
35,19133632 
31,19217134 
32,19217730 
29,19252037 
29,19253468 
28,19267601 
29,19268352 
28,19296891 
27,19319110 
26,19345480 
20,19456083 
21,19468308 
22,19473082 
22,19498646 
20,19524334 
20,19545156 
19,19590183 
19,19618664 
18,19668631 
19,19678133 
19,19689090 
19,19699011 
19,19708138 
15,19863045 
11,19930485 
12,19940360 
13,19942686 
13,19951784 
14,20038014 
13,20064404 
11,20105904 
12,20138376 
12,20146084 
13,20148660 
8,20308668 
9,20391392 
10,20394139 
11,20426083 
12,20456492 
8,20661408 
8,20699357 
8,20708359 
8,20715084 
8,20724666 
7,20799597 
7,20964242 
7,20988569 
5,21056218 
5,21108902 
6,21140200 
7,21171123 
7,21386455 
6,21404997 
6,21502008 
6,21585094 
4,21715574 
5,21734686 
2,21991297 
